 6, "MacBook (Late 2007)", "Intel Core 2 Duo T7500 @ 2.2 GHz (2 cores)", 9, 1325, 2188, "macbook-105", "MacBook" 
 8, "MacBook (Early 2008)", "Intel Core 2 Duo T8300 @ 2.4 GHz (2 cores)", 18, 1519, 2561, "macbook-105", "MacBook" 
 9, "MacBook (Early 2008)", "Intel Core 2 Duo T8100 @ 2.1 GHz (2 cores)", 6, 1212, 2049, "macbook-105", "MacBook" 
 10, "MacBook (Late 2008)", "Intel Core 2 Duo P7350 @ 2.0 GHz (2 cores)", 1627, 1339, 2199, "macbook-105", "MacBook" 
 11, "MacBook (Late 2008)", "Intel Core 2 Duo P8600 @ 2.4 GHz (2 cores)", 1192, 1520, 2516, "macbook-105", "MacBook" 
 12, "MacBook (Early 2009)", "Intel Core 2 Duo P7350 @ 2.0 GHz (2 cores)", 242, 1258, 2081, "macbook-105", "MacBook" 
 13, "MacBook (Early 2009)", "Intel Core 2 Duo P7450 @ 2.1 GHz (2 cores)", 509, 1340, 2209, "macbook-105", "MacBook" 
 14, "MacBook (Late 2009)", "Intel Core 2 Duo P7550 @ 2.3 GHz (2 cores)", 2043, 1456, 2388, "macbook-106", "MacBook" 
 15, "MacBook (Mid 2010)", "Intel Core 2 Duo P8600 @ 2.4 GHz (2 cores)", 2755, 1546, 2542, "macbook-106", "MacBook" 
 18, "MacBook Air (Late 2008)", "Intel Core 2 Duo L9300 @ 1.6 GHz (2 cores)", 17, 1120, 1862, "macbook-air-105", "MacBookAir" 
 19, "MacBook Air (Late 2008)", "Intel Core 2 Duo L9400 @ 1.9 GHz (2 cores)", 94, 1234, 2009, "macbook-air-105", "MacBookAir" 
 20, "MacBook Air (11-inch Late 2010)", "Intel Core 2 Duo U9400 @ 1.4 GHz (2 cores)", 678, 976, 1616, "macbook-air-13-106", "MacBookAir" 
 21, "MacBook Air (11-inch Late 2010)", "Intel Core 2 Duo U9600 @ 1.6 GHz (2 cores)", 269, 1079, 1761, "macbook-air-13-106", "MacBookAir" 
 22, "MacBook Air (13-inch Late 2010)", "Intel Core 2 Duo L9400 @ 1.9 GHz (2 cores)", 683, 1305, 2179, "macbook-air-13-106", "MacBookAir" 
 23, "MacBook Air (13-inch Late 2010)", "Intel Core 2 Duo L9600 @ 2.1 GHz (2 cores)", 541, 1407, 2313, "macbook-air-13-106", "MacBookAir" 
 24, "MacBook Air (11-inch Mid 2011)", "Intel Core i5-2467M @ 1.6 GHz (2 cores)", 1890, 2085, 3779, "macbook-air-13-107", "MacBookAir" 
 25, "MacBook Air (11-inch Mid 2011)", "Intel Core i7-2677M @ 1.8 GHz (2 cores)", 706, 2548, 4756, "macbook-air-13-107", "MacBookAir" 
 26, "MacBook Air (13-inch Mid 2011)", "Intel Core i5-2557M @ 1.7 GHz (2 cores)", 3616, 2392, 4366, "macbook-air-13-107", "MacBookAir" 
 27, "MacBook Air (13-inch Mid 2011)", "Intel Core i7-2677M @ 1.8 GHz (2 cores)", 1374, 2534, 4667, "macbook-air-13-107", "MacBookAir" 
 36, "MacBook Pro (Mid 2007)", "Intel Core 2 Duo T7500 @ 2.2 GHz (2 cores)", 385, 1160, 1953, "macbook-pro-104", "MacBookPro" 
 37, "MacBook Pro (Mid 2007)", "Intel Core 2 Duo T7800 @ 2.6 GHz (2 cores)", 39, 1368, 2323, "macbook-pro-104", "MacBookPro" 
 38, "MacBook Pro (Mid 2007)", "Intel Core 2 Duo T7700 @ 2.4 GHz (2 cores)", 468, 1254, 2108, "macbook-pro-104", "MacBookPro" 
 39, "MacBook Pro (Early 2008)", "Intel Core 2 Duo T8300 @ 2.4 GHz (2 cores)", 426, 1362, 2311, "macbook-pro-105", "MacBookPro" 
 40, "MacBook Pro (Early 2008)", "Intel Core 2 Duo T9500 @ 2.6 GHz (2 cores)", 204, 1493, 2591, "macbook-pro-105", "MacBookPro" 
 41, "MacBook Pro (Early 2008)", "Intel Core 2 Duo T9300 @ 2.5 GHz (2 cores)", 493, 1433, 2472, "macbook-pro-105", "MacBookPro" 
 42, "MacBook Pro (Late 2008)", "Intel Core 2 Duo P8600 @ 2.4 GHz (2 cores)", 1123, 1511, 2492, "macbook-pro-unibody-105", "MacBookPro" 
 43, "MacBook Pro (Late 2008)", "Intel Core 2 Duo T9800 @ 2.9 GHz (2 cores)", 60, 1710, 2894, "macbook-pro-unibody-105", "MacBookPro" 
 44, "MacBook Pro (Late 2008)", "Intel Core 2 Duo T9600 @ 2.8 GHz (2 cores)", 155, 1723, 2929, "macbook-pro-unibody-105", "MacBookPro" 
 45, "MacBook Pro (Late 2008)", "Intel Core 2 Duo T9400 @ 2.5 GHz (2 cores)", 548, 1618, 2738, "macbook-pro-unibody-105", "MacBookPro" 
 46, "MacBook Pro (Late 2008)", "Intel Core 2 Duo T9550 @ 2.7 GHz (2 cores)", 259, 1726, 2892, "macbook-pro-unibody-105", "MacBookPro" 
 47, "MacBook Pro (17-inch Early 2009)", "Intel Core 2 Duo T9550 @ 2.7 GHz (2 cores)", 250, 1710, 2855, "macbook-pro-unibody-105", "MacBookPro" 
 48, "MacBook Pro (17-inch Early 2009)", "Intel Core 2 Duo T9800 @ 2.9 GHz (2 cores)", 131, 1832, 3058, "macbook-pro-unibody-105", "MacBookPro" 
 49, "MacBook Pro (17-inch Mid 2009)", "Intel Core 2 Duo T9600 @ 2.8 GHz (2 cores)", 574, 1762, 2977, "macbook-pro-unibody-105", "MacBookPro" 
 50, "MacBook Pro (17-inch Mid 2009)", "Intel Core 2 Duo T9900 @ 3.1 GHz (2 cores)", 210, 1911, 3200, "macbook-pro-unibody-105", "MacBookPro" 
 51, "MacBook Pro (15-inch Mid 2009)", "Intel Core 2 Duo P8800 @ 2.7 GHz (2 cores)", 929, 1653, 2730, "macbook-pro-unibody-105", "MacBookPro" 
 52, "MacBook Pro (15-inch Mid 2009)", "Intel Core 2 Duo T9600 @ 2.8 GHz (2 cores)", 934, 1794, 3010, "macbook-pro-unibody-105", "MacBookPro" 
 53, "MacBook Pro (15-inch Mid 2009)", "Intel Core 2 Duo T9900 @ 3.1 GHz (2 cores)", 233, 1925, 3279, "macbook-pro-unibody-105", "MacBookPro" 
 54, "MacBook Pro (15-inch Mid 2009)", "Intel Core 2 Duo P8700 @ 2.5 GHz (2 cores)", 1216, 1580, 2613, "macbook-pro-unibody-105", "MacBookPro" 
 55, "MacBook Pro (13-inch Mid 2009)", "Intel Core 2 Duo P7550 @ 2.3 GHz (2 cores)", 2805, 1464, 2414, "macbook-pro-13-unibody-105", "MacBookPro" 
 56, "MacBook Pro (13-inch Mid 2009)", "Intel Core 2 Duo P8700 @ 2.5 GHz (2 cores)", 1760, 1577, 2616, "macbook-pro-13-unibody-105", "MacBookPro" 
 57, "MacBook Pro (13-inch Mid 2009)", "Intel Core 2 Duo P8400 @ 2.3 GHz (2 cores)", 159, 1479, 2455, "macbook-pro-13-unibody-105", "MacBookPro" 
 58, "MacBook Pro (17-inch Early 2010)", "Intel Core i5-540M @ 2.5 GHz (2 cores)", 803, 2041, 3965, "macbook-pro-unibody-106", "MacBookPro" 
 59, "MacBook Pro (17-inch Early 2010)", "Intel Core i7-620M @ 2.7 GHz (2 cores)", 1057, 2215, 4376, "macbook-pro-unibody-106", "MacBookPro" 
 60, "MacBook Pro (17-inch Early 2010)", "Intel Core i7-640M @ 2.8 GHz (2 cores)", 212, 2290, 4512, "macbook-pro-unibody-106", "MacBookPro" 
 61, "MacBook Pro (15-inch Early 2010)", "Intel Core i5-520M @ 2.4 GHz (2 cores)", 3695, 1980, 3805, "macbook-pro-unibody-106", "MacBookPro" 
 62, "MacBook Pro (15-inch Early 2010)", "Intel Core i5-540M @ 2.5 GHz (2 cores)", 1512, 2012, 3909, "macbook-pro-unibody-106", "MacBookPro" 
 63, "MacBook Pro (15-inch Early 2010)", "Intel Core i7-620M @ 2.7 GHz (2 cores)", 4277, 2219, 4348, "macbook-pro-unibody-106", "MacBookPro" 
 64, "MacBook Pro (15-inch Early 2010)", "Intel Core i7-640M @ 2.8 GHz (2 cores)", 385, 2263, 4434, "macbook-pro-unibody-106", "MacBookPro" 
 65, "MacBook Pro (13-inch Early 2010)", "Intel Core 2 Duo P8800 @ 2.7 GHz (2 cores)", 1180, 1644, 2698, "macbook-pro-13-unibody-106", "MacBookPro" 
 66, "MacBook Pro (13-inch Early 2010)", "Intel Core 2 Duo P8600 @ 2.4 GHz (2 cores)", 6941, 1526, 2498, "macbook-pro-13-unibody-106", "MacBookPro" 
 67, "MacBook Pro (13-inch Early 2011)", "Intel Core i5-2415M @ 2.3 GHz (2 cores)", 12010, 2564, 4856, "macbook-pro-13-unibody-106", "MacBookPro" 
 68, "MacBook Pro (13-inch Early 2011)", "Intel Core i7-2620M @ 2.7 GHz (2 cores)", 4733, 2948, 5659, "macbook-pro-13-unibody-106", "MacBookPro" 
 69, "MacBook Pro (13-inch Late 2011)", "Intel Core i7-2640M @ 2.8 GHz (2 cores)", 3228, 3082, 5905, "macbook-pro-13-unibody-107", "MacBookPro" 
 70, "MacBook Pro (15-inch Early 2011)", "Intel Core i7-2820QM @ 2.3 GHz (4 cores)", 2584, 2987, 9505, "macbook-pro-unibody-106", "MacBookPro" 
 71, "MacBook Pro (15-inch Early 2011)", "Intel Core i7-2720QM @ 2.2 GHz (4 cores)", 6555, 2712, 8304, "macbook-pro-unibody-106", "MacBookPro" 
 72, "MacBook Pro (15-inch Early 2011)", "Intel Core i7-2635QM @ 2.0 GHz (4 cores)", 7563, 2481, 7713, "macbook-pro-unibody-106", "MacBookPro" 
 73, "MacBook Pro (15-inch Late 2011)", "Intel Core i7-2675QM @ 2.2 GHz (4 cores)", 6271, 2796, 8672, "macbook-pro-unibody-107", "MacBookPro" 
 74, "MacBook Pro (15-inch Late 2011)", "Intel Core i7-2760QM @ 2.4 GHz (4 cores)", 3562, 3127, 9511, "macbook-pro-unibody-107", "MacBookPro" 
 75, "MacBook Pro (17-inch Early 2011)", "Intel Core i7-2820QM @ 2.3 GHz (4 cores)", 1046, 3148, 9832, "macbook-pro-unibody-106", "MacBookPro" 
 76, "MacBook Pro (17-inch Early 2011)", "Intel Core i7-2720QM @ 2.2 GHz (4 cores)", 2268, 2947, 9025, "macbook-pro-unibody-106", "MacBookPro" 
 77, "MacBook Pro (17-inch Late 2011)", "Intel Core i7-2760QM @ 2.4 GHz (4 cores)", 1820, 3188, 9792, "macbook-pro-unibody-107", "MacBookPro" 
 83, "Mac mini (Early 2009)", "Intel Core 2 Duo P7350 @ 2.0 GHz (2 cores)", 542, 1362, 2245, "mac-mini", "Macmini" 
 84, "Mac mini (Early 2009)", "Intel Core 2 Duo P8400 @ 2.3 GHz (2 cores)", 62, 1501, 2516, "mac-mini", "Macmini" 
 85, "Mac mini (Late 2009)", "Intel Core 2 Duo P7550 @ 2.3 GHz (2 cores)", 488, 1480, 2462, "mac-mini", "Macmini" 
 86, "Mac mini (Late 2009)", "Intel Core 2 Duo P8700 @ 2.5 GHz (2 cores)", 384, 1585, 2616, "mac-mini", "Macmini" 
 87, "Mac mini (Late 2009)", "Intel Core 2 Duo P8800 @ 2.7 GHz (2 cores)", 16, 1662, 2699, "mac-mini", "Macmini" 
 88, "Mac mini (Early 2010)", "Intel Core 2 Duo P8800 @ 2.7 GHz (2 cores)", 474, 1607, 2654, "mac-mini-aluminum", "Macmini" 
 89, "Mac mini (Early 2010)", "Intel Core 2 Duo P8600 @ 2.4 GHz (2 cores)", 1662, 1512, 2481, "mac-mini-aluminum", "Macmini" 
 90, "Mac mini (Mid 2011)", "Intel Core i5-2415M @ 2.3 GHz (2 cores)", 3425, 2624, 5011, "mac-mini-aluminum", "Macmini" 
 91, "Mac mini (Mid 2011)", "Intel Core i5-2520M @ 2.5 GHz (2 cores)", 1757, 2885, 5503, "mac-mini-aluminum", "Macmini" 
 92, "Mac mini (Mid 2011)", "Intel Core i7-2620M @ 2.7 GHz (2 cores)", 710, 3084, 5966, "mac-mini-aluminum", "Macmini" 
 93, "Mac mini (Mid 2011)", "Intel Core i7-2635QM @ 2.0 GHz (4 cores)", 1588, 2783, 8552, "mac-mini-aluminum", "Macmini" 
 219, "iMac (Mid 2007)", "Intel Core 2 Extreme X7900 @ 2.8 GHz (2 cores)", 375, 1697, 2827, "imac-24-105", "iMac" 
 220, "iMac (Mid 2007)", "Intel Core 2 Duo T7300 @ 2.0 GHz (2 cores)", 508, 1303, 2180, "imac-24-105", "iMac" 
 221, "iMac (Mid 2007)", "Intel Core 2 Duo T7700 @ 2.4 GHz (2 cores)", 1073, 1490, 2476, "imac-24-105", "iMac" 
 223, "iMac (Early 2008)", "Intel Core 2 Duo E8435 @ 3.1 GHz (2 cores)", 391, 1957, 3390, "imac-24-105", "iMac" 
 225, "iMac (Early 2008)", "Intel Core 2 Duo E8235 @ 2.8 GHz (2 cores)", 651, 1832, 3155, "imac-24-105", "iMac" 
 226, "iMac (Early 2009)", "Intel Core 2 Duo E8435 @ 3.1 GHz (2 cores)", 322, 1973, 3341, "imac-24-105", "iMac" 
 227, "iMac (Early 2009)", "Intel Core 2 Duo E8335 @ 2.9 GHz (2 cores)", 408, 1900, 3221, "imac-24-105", "iMac" 
 228, "iMac (Early 2009)", "Intel Core 2 Duo E8135 @ 2.7 GHz (2 cores)", 1289, 1774, 2996, "imac-24-105", "iMac" 
 229, "iMac (Late 2009)", "Intel Core 2 Duo E7600 @ 3.1 GHz (2 cores)", 4967, 1871, 3113, "imac-27-106", "iMac" 
 230, "iMac (Late 2009)", "Intel Core 2 Duo E8600 @ 3.3 GHz (2 cores)", 184, 2161, 3651, "imac-27-106", "iMac" 
 231, "iMac (27-inch Late 2009)", "Intel Core i7-860 @ 2.8 GHz (4 cores)", 2821, 2530, 7725, "imac-27-106", "iMac" 
 232, "iMac (21.5-inch Mid 2010)", "Intel Core i3-540 @ 3.1 GHz (2 cores)", 2829, 2212, 4483, "imac-27-106", "iMac" 
 233, "iMac (21.5-inch Mid 2010)", "Intel Core i3-550 @ 3.2 GHz (2 cores)", 768, 2250, 4552, "imac-27-106", "iMac" 
 234, "iMac (21.5-inch Mid 2010)", "Intel Core i5-680 @ 3.6 GHz (2 cores)", 287, 2722, 5424, "imac-27-106", "iMac" 
 235, "iMac (27-inch Mid 2010)", "Intel Core i3-550 @ 3.2 GHz (2 cores)", 1434, 2285, 4625, "imac-27-106", "iMac" 
 236, "iMac (27-inch Mid 2010)", "Intel Core i5-680 @ 3.6 GHz (2 cores)", 116, 2763, 5483, "imac-27-106", "iMac" 
 237, "iMac (27-inch Mid 2010)", "Intel Core i5-760 @ 2.8 GHz (4 cores)", 1819, 2520, 6848, "imac-27-106", "iMac" 
 238, "iMac (27-inch Mid 2010)", "Intel Core i7-870 @ 2.9 GHz (4 cores)", 2797, 2705, 8523, "imac-27-106", "iMac" 
 239, "iMac (21.5-inch Mid 2011)", "Intel Core i5-2400S @ 2.5 GHz (4 cores)", 7843, 3126, 7841, "imac-27-106", "iMac" 
 240, "iMac (21.5-inch Mid 2011)", "Intel Core i5-2500S @ 2.7 GHz (4 cores)", 1834, 3417, 8342, "imac-27-106", "iMac" 
 241, "iMac (21.5-inch Mid 2011)", "Intel Core i7-2600S @ 2.8 GHz (4 cores)", 979, 3493, 9810, "imac-27-106", "iMac" 
 242, "iMac (27-inch Mid 2011)", "Intel Core i7-2600 @ 3.4 GHz (4 cores)", 6195, 3513, 11193, "imac-27-106", "iMac" 
 243, "iMac (27-inch Mid 2011)", "Intel Core i5-2400 @ 3.1 GHz (4 cores)", 3291, 3221, 9085, "imac-27-106", "iMac" 
 244, "iMac (27-inch Mid 2011)", "Intel Core i5-2500S @ 2.7 GHz (4 cores)", 4671, 3404, 8284, "imac-27-106", "iMac" 
 245, "MacBook Pro (13-inch Late 2011)", "Intel Core i5-2435M @ 2.4 GHz (2 cores)", 8741, 2669, 5050, "macbook-pro-13-unibody-107", "MacBookPro" 
 246, "MacBook Pro (15-inch Late 2011)", "Intel Core i7-2860QM @ 2.5 GHz (4 cores)", 1072, 3170, 9928, "macbook-pro-unibody-107", "MacBookPro" 
 247, "MacBook Pro (17-inch Late 2011)", "Intel Core i7-2860QM @ 2.5 GHz (4 cores)", 903, 3316, 10373, "macbook-pro-unibody-107", "MacBookPro" 
 248, "Mac Pro", "Intel Xeon 5150 @ 2.7 GHz (4 cores)", 882, 1618, 4691, "mac-pro", "MacPro" 
 249, "Mac Pro", "Intel Xeon 5130 @ 2.0 GHz (4 cores)", 91, 1260, 3614, "mac-pro", "MacPro" 
 250, "Mac Pro", "Intel Xeon 5160 @ 3.0 GHz (4 cores)", 237, 1788, 5216, "mac-pro", "MacPro" 
 251, "Mac Pro (8-core)", "Intel Xeon X5365 @ 3.0 GHz (8 cores)", 1815, 1800, 8141, "mac-pro", "MacPro" 
 252, "Mac Pro (Early 2008)", "Intel Xeon X5482 @ 3.2 GHz (8 cores)", 1520, 2070, 10075, "mac-pro", "MacPro" 
 253, "Mac Pro (Early 2008)", "Intel Xeon E5462 @ 2.8 GHz (4 cores)", 493, 1833, 5270, "mac-pro", "MacPro" 
 254, "Mac Pro (Early 2008)", "Intel Xeon X5472 @ 3.0 GHz (8 cores)", 1192, 1962, 9681, "mac-pro", "MacPro" 
 255, "Mac Pro (Early 2009)", "Intel Xeon X5550 @ 2.7 GHz (8 cores)", 350, 2336, 13833, "mac-pro", "MacPro" 
 256, "Mac Pro (Early 2009)", "Intel Xeon W3540 @ 2.9 GHz (4 cores)", 236, 2577, 8342, "mac-pro", "MacPro" 
 257, "Mac Pro (Early 2009)", "Intel Xeon E5520 @ 2.3 GHz (8 cores)", 1973, 1998, 11873, "mac-pro", "MacPro" 
 258, "Mac Pro (Early 2009)", "Intel Xeon W3520 @ 2.7 GHz (4 cores)", 1346, 2400, 7782, "mac-pro", "MacPro" 
 259, "Mac Pro (Early 2009)", "Intel Xeon X5570 @ 2.9 GHz (8 cores)", 380, 2475, 14276, "mac-pro", "MacPro" 
 260, "Mac Pro (Mid 2010)", "Intel Xeon W3530 @ 2.8 GHz (4 cores)", 2842, 2487, 8116, "mac-pro", "MacPro" 
 261, "Mac Pro (Mid 2010)", "Intel Xeon W3565 @ 3.2 GHz (4 cores)", 1776, 2723, 8936, "mac-pro", "MacPro" 
 262, "Mac Pro (Mid 2010)", "Intel Xeon W3680 @ 3.3 GHz (6 cores)", 3898, 3000, 13371, "mac-pro", "MacPro" 
 263, "Mac Pro (Mid 2010)", "Intel Xeon E5620 @ 2.4 GHz (8 cores)", 4655, 2144, 13453, "mac-pro", "MacPro" 
 264, "Mac Pro (Mid 2010)", "Intel Xeon X5650 @ 2.7 GHz (12 cores)", 3875, 2446, 19062, "mac-pro", "MacPro" 
 265, "Mac Pro (Mid 2010)", "Intel Xeon X5670 @ 2.9 GHz (12 cores)", 3749, 2616, 19737, "mac-pro", "MacPro" 
 267, "Xserve (Late 2006)", "Intel Xeon 5130 @ 2.0 GHz (4 cores)", 10, 1308, 3663, "xserve-intel", "Xserve" 
 269, "Xserve (Early 2008)", "Intel Xeon E5462 @ 2.8 GHz (8 cores)", 42, 1854, 8986, "xserve-intel", "Xserve" 
 270, "Xserve (Early 2009)", "Intel Xeon X5550 @ 2.7 GHz (8 cores)", 32, 2388, 14499, "xserve-intel", "Xserve" 
 271, "Xserve (Early 2009)", "Intel Xeon E5520 @ 2.3 GHz (8 cores)", 92, 2046, 12580, "xserve-intel", "Xserve" 
 273, "MacBook Air (11-inch Mid 2012)", "Intel Core i5-3317U @ 1.7 GHz (2 cores)", 1818, 2557, 4832, "macbook-air-13-107", "MacBookAir" 
 274, "MacBook Air (11-inch Mid 2012)", "Intel Core i7-3667U @ 2.0 GHz (2 cores)", 818, 3065, 5933, "macbook-air-13-107", "MacBookAir" 
 275, "MacBook Air (13-inch Mid 2012)", "Intel Core i5-3427U @ 1.8 GHz (2 cores)", 5253, 2659, 5031, "macbook-air-13-107", "MacBookAir" 
 276, "MacBook Air (13-inch Mid 2012)", "Intel Core i7-3667U @ 2.0 GHz (2 cores)", 2054, 3022, 5811, "macbook-air-13-107", "MacBookAir" 
 277, "MacBook Pro (Retina)", "Intel Core i7-3615QM @ 2.3 GHz (4 cores)", 10880, 3289, 10714, "macbook-pro-retina", "MacBookPro" 
 278, "MacBook Pro (Retina)", "Intel Core i7-3720QM @ 2.6 GHz (4 cores)", 8699, 3522, 11194, "macbook-pro-retina", "MacBookPro" 
 279, "MacBook Pro (15-inch Mid 2012)", "Intel Core i7-3820QM @ 2.7 GHz (4 cores)", 1263, 3572, 11974, "macbook-pro-unibody-107", "MacBookPro" 
 280, "MacBook Pro (15-inch Mid 2012)", "Intel Core i7-3720QM @ 2.6 GHz (4 cores)", 5333, 3452, 11388, "macbook-pro-unibody-107", "MacBookPro" 
 281, "MacBook Pro (15-inch Mid 2012)", "Intel Core i7-3615QM @ 2.3 GHz (4 cores)", 9572, 3235, 10696, "macbook-pro-unibody-107", "MacBookPro" 
 282, "MacBook Pro (13-inch Mid 2012)", "Intel Core i5-3210M @ 2.5 GHz (2 cores)", 31949, 2964, 5670, "macbook-pro-13-unibody-107", "MacBookPro" 
 283, "MacBook Pro (13-inch Mid 2012)", "Intel Core i7-3520M @ 2.9 GHz (2 cores)", 11296, 3377, 6592, "macbook-pro-13-unibody-107", "MacBookPro" 
 284, "MacBook Pro (Retina)", "Intel Core i7-3820QM @ 2.7 GHz (4 cores)", 3095, 3624, 11675, "macbook-pro-retina", "MacBookPro" 
 285, "iMac (21.5 inch Late 2011)", "Intel Core i3-2100 @ 3.1 GHz (2 cores)", 185, 2824, 5353, "imac-27-107", "iMac" 
 287, "Mac Pro (Early 2008)", "Intel Xeon E5462 @ 2.8 GHz (8 cores)", 8195, 1855, 9133, "mac-pro", "MacPro" 
 288, "Mac Pro (Early 2009)", "Intel Xeon W5590 @ 3.3 GHz (4 cores)", 21, 2862, 9407, "mac-pro", "MacPro" 
 289, "Mac Pro (Mid 2012)", "Intel Xeon X5675 @ 3.1 GHz (12 cores)", 3990, 2707, 20606, "mac-pro", "MacPro" 
 290, "MacBook Air (Mid 2009)", "Intel Core 2 Duo L9600 @ 2.1 GHz (2 cores)", 92, 1375, 2223, "macbook-air-105", "MacBookAir" 
 302, "Xserve (Early 2008)", "Intel Xeon E5462 @ 2.8 GHz (4 cores)", 13, 1836, 4741, "xserve-intel", "Xserve" 
 304, "Xserve (Early 2008)", "Intel Xeon E5472 @ 3.0 GHz (8 cores)", 22, 1970, 9660, "xserve-intel", "Xserve" 
 305, "Xserve (Early 2009)", "Intel Xeon E5520 @ 2.3 GHz (4 cores)", 31, 2189, 7267, "xserve-intel", "Xserve" 
 306, "Xserve (Early 2009)", "Intel Xeon X5570 @ 2.9 GHz (8 cores)", 41, 2560, 15486, "xserve-intel", "Xserve" 
 316, "iMac (Mid 2009)", "Intel Core 2 Duo P7350 @ 2.0 GHz (2 cores)", 86, 1406, 2301, "imac-24-105", "iMac" 
 317, "iMac (Mid 2009)", "Intel Core 2 Duo P7550 @ 2.3 GHz (2 cores)", 93, 1545, 2567, "imac-24-105", "iMac" 
 318, "iMac (27-inch Late 2009)", "Intel Core i5-750 @ 2.7 GHz (4 cores)", 1986, 2403, 6457, "imac-27-106", "iMac" 
 319, "Mac Pro (Early 2008)", "Intel Xeon E5472 @ 3.0 GHz (8 cores)", 165, 1967, 9843, "mac-pro", "MacPro" 
 321, "Mac mini (Late 2012)", "Intel Core i5-3210M @ 2.5 GHz (2 cores)", 7518, 2943, 5698, "mac-mini-aluminum", "Macmini" 
 322, "MacBook Pro (13-inch Retina)", "Intel Core i5-3210M @ 2.5 GHz (2 cores)", 4009, 2934, 5603, "macbook-pro-13-retina", "MacBookPro" 
 323, "MacBook Pro (13-inch Retina)", "Intel Core i7-3520M @ 2.9 GHz (2 cores)", 825, 3356, 6527, "macbook-pro-13-retina", "MacBookPro" 
 324, "Mac mini (Late 2012)", "Intel Core i7-3615QM @ 2.3 GHz (4 cores)", 9520, 3259, 10771, "mac-mini-aluminum", "Macmini" 
 325, "Mac mini (Late 2012)", "Intel Core i7-3720QM @ 2.6 GHz (4 cores)", 3592, 3511, 11555, "mac-mini-aluminum", "Macmini" 
 326, "iMac (21.5-inch Late 2012)", "Intel Core i5-3335S @ 2.7 GHz (4 cores)", 685, 3336, 9079, "imac-27-108", "iMac" 
 327, "iMac (21.5-inch Late 2012)", "Intel Core i5-3470S @ 2.9 GHz (4 cores)", 944, 3672, 10102, "imac-27-108", "iMac" 
 328, "iMac (21.5-inch Late 2012)", "Intel Core i7-3770S @ 3.1 GHz (4 cores)", 916, 3903, 12549, "imac-27-108", "iMac" 
 329, "iMac (27-inch Late 2012)", "Intel Core i7-3770 @ 3.4 GHz (4 cores)", 6901, 3906, 12856, "imac-27-108", "iMac" 
 330, "iMac (27-inch Late 2012)", "Intel Core i5-3470S @ 2.9 GHz (4 cores)", 2482, 3636, 9944, "imac-27-108", "iMac" 
 331, "iMac (27-inch Late 2012)", "Intel Core i5-3470 @ 3.2 GHz (4 cores)", 3078, 3610, 10278, "imac-27-108", "iMac" 
 332, "MacBook Pro (13-inch Retina Early 2013)", "Intel Core i5-3230M @ 2.6 GHz (2 cores)", 1946, 2985, 5702, "macbook-pro-13-retina", "MacBookPro" 
 333, "MacBook Pro (13-inch Retina Early 2013)", "Intel Core i7-3540M @ 3.0 GHz (2 cores)", 821, 3401, 6591, "macbook-pro-13-retina", "MacBookPro" 
 334, "MacBook Pro (15-inch Retina Early 2013)", "Intel Core i7-3635QM @ 2.4 GHz (4 cores)", 4346, 3384, 11111, "macbook-pro-retina", "MacBookPro" 
 335, "MacBook Pro (15-inch Retina Early 2013)", "Intel Core i7-3740QM @ 2.7 GHz (4 cores)", 5636, 3585, 11488, "macbook-pro-retina", "MacBookPro" 
 336, "MacBook Pro (15-inch Retina Early 2013)", "Intel Core i7-3840QM @ 2.8 GHz (4 cores)", 971, 3718, 11983, "macbook-pro-retina", "MacBookPro" 
 337, "MacBook Air (11-inch Mid 2013)", "Intel Core i5-4250U @ 1.3 GHz (2 cores)", 2265, 2687, 5018, "macbook-air-13-108", "MacBookAir" 
 338, "MacBook Air (11-inch Mid 2013)", "Intel Core i7-4650U @ 1.7 GHz (2 cores)", 1550, 3398, 6316, "macbook-air-13-108", "MacBookAir" 
 339, "MacBook Air (13-inch Mid 2013)", "Intel Core i5-4250U @ 1.3 GHz (2 cores)", 6535, 2671, 4975, "macbook-air-13-108", "MacBookAir" 
 340, "MacBook Air (13-inch Mid 2013)", "Intel Core i7-4650U @ 1.7 GHz (2 cores)", 5708, 3375, 6253, "macbook-air-13-108", "MacBookAir" 
 341, "Mac Pro (Mid 2012)", "Intel Xeon E5645 @ 2.4 GHz (12 cores)", 1876, 2207, 16933, "mac-pro", "MacPro" 
 342, "MacBook Pro (15-inch Retina Late 2013)", "Intel Core i7-4750HQ @ 2.0 GHz (4 cores)", 6825, 3569, 12150, "macbook-pro-retina-109", "MacBookPro" 
 343, "MacBook Pro (15-inch Retina Late 2013)", "Intel Core i7-4850HQ @ 2.3 GHz (4 cores)", 13142, 3911, 13287, "macbook-pro-retina-109", "MacBookPro" 
 344, "MacBook Pro (15-inch Retina Late 2013)", "Intel Core i7-4960HQ @ 2.6 GHz (4 cores)", 6771, 4208, 14188, "macbook-pro-retina-109", "MacBookPro" 
 345, "MacBook Pro (13-inch Retina Late 2013)", "Intel Core i5-4258U @ 2.4 GHz (2 cores)", 13166, 3159, 6053, "macbook-pro-13-retina-109", "MacBookPro" 
 346, "MacBook Pro (13-inch Retina Late 2013)", "Intel Core i5-4288U @ 2.6 GHz (2 cores)", 3699, 3367, 6463, "macbook-pro-13-retina-109", "MacBookPro" 
 347, "MacBook Pro (13-inch Retina Late 2013)", "Intel Core i7-4558U @ 2.8 GHz (2 cores)", 3075, 3603, 6882, "macbook-pro-13-retina-109", "MacBookPro" 
 348, "iMac (21.5-inch Late 2013)", "Intel Core i5-4570R @ 2.7 GHz (4 cores)", 5003, 3632, 10629, "imac-27-109", "iMac" 
 349, "iMac (21.5-inch Late 2013)", "Intel Core i5-4570S @ 2.9 GHz (4 cores)", 2043, 3872, 10819, "imac-27-109", "iMac" 
 350, "iMac (21.5-inch Late 2013)", "Intel Core i7-4770S @ 3.1 GHz (4 cores)", 793, 4245, 13689, "imac-27-109", "iMac" 
 351, "iMac (27-inch Late 2013)", "Intel Core i5-4570 @ 3.2 GHz (4 cores)", 5401, 3965, 11323, "imac-27-109", "iMac" 
 352, "iMac (27-inch Late 2013)", "Intel Core i5-4670 @ 3.4 GHz (4 cores)", 3249, 4122, 11790, "imac-27-109", "iMac" 
 353, "iMac (27-inch Late 2013)", "Intel Core i7-4771 @ 3.5 GHz (4 cores)", 5146, 4252, 13981, "imac-27-109", "iMac" 
 354, "Mac Pro (Late 2013)", "Intel Xeon E5-1650 v2 @ 3.5 GHz (6 cores)", 8116, 3816, 18153, "mac-pro-2013", "MacPro" 
 355, "Mac Pro (Late 2013)", "Intel Xeon E5-1620 v2 @ 3.7 GHz (4 cores)", 4501, 3780, 13263, "mac-pro-2013", "MacPro" 
 356, "Mac Pro (Late 2013)", "Intel Xeon E5-1680 v2 @ 3.0 GHz (8 cores)", 2121, 3851, 23446, "mac-pro-2013", "MacPro" 
 357, "Mac Pro (Late 2013)", "Intel Xeon E5-2697 v2 @ 2.7 GHz (12 cores)", 3213, 3374, 27289, "mac-pro-2013", "MacPro" 
 358, "MacBook Air (11-inch Early 2014)", "Intel Core i5-4260U @ 1.4 GHz (2 cores)", 2352, 2742, 5118, "macbook-air-13-108", "MacBookAir" 
 359, "MacBook Air (13-inch Early 2014)", "Intel Core i5-4260U @ 1.4 GHz (2 cores)", 6367, 2769, 5161, "macbook-air-13-108", "MacBookAir" 
 360, "iMac (21.5-inch Mid 2014)", "Intel Core i5-4260U @ 1.4 GHz (2 cores)", 928, 2899, 5188, "imac-27-109", "iMac" 
 361, "MacBook Pro (15-inch Retina Mid 2014)", "Intel Core i7-4770HQ @ 2.2 GHz (4 cores)", 8233, 3778, 12902, "macbook-pro-retina-109", "MacBookPro" 
 362, "MacBook Pro (15-inch Retina Mid 2014)", "Intel Core i7-4870HQ @ 2.5 GHz (4 cores)", 11265, 4116, 13865, "macbook-pro-retina-109", "MacBookPro" 
 363, "MacBook Pro (15-inch Retina Mid 2014)", "Intel Core i7-4980HQ @ 2.8 GHz (4 cores)", 4841, 4408, 14515, "macbook-pro-retina-109", "MacBookPro" 
 364, "MacBook Pro (13-inch Retina Mid 2014)", "Intel Core i5-4278U @ 2.6 GHz (2 cores)", 11959, 3373, 6475, "macbook-pro-13-retina-109", "MacBookPro" 
 365, "MacBook Pro (13-inch Retina Mid 2014)", "Intel Core i5-4308U @ 2.8 GHz (2 cores)", 2174, 3564, 6817, "macbook-pro-13-retina-109", "MacBookPro" 
 366, "MacBook Pro (13-inch Retina Mid 2014)", "Intel Core i7-4578U @ 3.0 GHz (2 cores)", 2097, 3775, 7199, "macbook-pro-13-retina-109", "MacBookPro" 
 367, "Mac mini (Late 2014)", "Intel Core i5-4260U @ 1.4 GHz (2 cores)", 2940, 3027, 5419, "mac-mini-aluminum", "Macmini" 
 368, "Mac mini (Late 2014)", "Intel Core i5-4278U @ 2.6 GHz (2 cores)", 5467, 3411, 6490, "mac-mini-aluminum", "Macmini" 
 369, "Mac mini (Late 2014)", "Intel Core i5-4308U @ 2.8 GHz (2 cores)", 1203, 3584, 6813, "mac-mini-aluminum", "Macmini" 
 370, "Mac mini (Late 2014)", "Intel Core i7-4578U @ 3.0 GHz (2 cores)", 1647, 3709, 7065, "mac-mini-aluminum", "Macmini" 
 371, "iMac (27-inch Retina)", "Intel Core i7-4790K @ 4.0 GHz (4 cores)", 6994, 4765, 15687, "imac-27-retina", "iMac" 
 372, "iMac (27-inch Retina)", "Intel Core i5-4690 @ 3.5 GHz (4 cores)", 3819, 4226, 12088, "imac-27-retina", "iMac" 
 373, "MacBook Air (11-inch Early 2015)", "Intel Core i5-5250U @ 1.6 GHz (2 cores)", 2572, 3031, 5528, "macbook-air-1010", "MacBookAir" 
 374, "MacBook Air (13-inch Early 2015)", "Intel Core i5-5250U @ 1.6 GHz (2 cores)", 17319, 3057, 5569, "macbook-air-1010", "MacBookAir" 
 375, "MacBook Air (11-inch Early 2015)", "Intel Core i7-5650U @ 2.2 GHz (2 cores)", 670, 3559, 6773, "macbook-air-1010", "MacBookAir" 
 376, "MacBook Air (13-inch Early 2015)", "Intel Core i7-5650U @ 2.2 GHz (2 cores)", 3596, 3614, 6912, "macbook-air-1010", "MacBookAir" 
 377, "MacBook Pro (13-inch Retina Early 2015)", "Intel Core i5-5257U @ 2.7 GHz (2 cores)", 36712, 3562, 6763, "macbook-pro-13-1010", "MacBookPro" 
 378, "MacBook Pro (13-inch Retina Early 2015)", "Intel Core i7-5557U @ 3.1 GHz (2 cores)", 7354, 3843, 7328, "macbook-pro-13-1010", "MacBookPro" 
 379, "MacBook Pro (13-inch Retina Early 2015)", "Intel Core i5-5287U @ 2.9 GHz (2 cores)", 7046, 3735, 7074, "macbook-pro-13-1010", "MacBookPro" 
 380, "MacBook (Early 2015)", "Intel Core M-5Y31 @ 1.1 GHz (2 cores)", 4205, 2496, 4440, "macbook-1010", "MacBook" 
 381, "MacBook (Early 2015)", "Intel Core M-5Y51 @ 1.2 GHz (2 cores)", 2857, 2733, 5155, "macbook-1010", "MacBook" 
 382, "MacBook (Early 2015)", "Intel Core M-5Y71 @ 1.3 GHz (2 cores)", 1554, 2958, 5427, "macbook-1010", "MacBook" 
 383, "MacBook Pro (15-inch Retina Mid 2015)", "Intel Core i7-4770HQ @ 2.2 GHz (4 cores)", 16707, 3799, 13051, "macbook-pro-retina-109", "MacBookPro" 
 384, "MacBook Pro (15-inch Retina Mid 2015)", "Intel Core i7-4870HQ @ 2.5 GHz (4 cores)", 15286, 4114, 14048, "macbook-pro-retina-109", "MacBookPro" 
 385, "MacBook Pro (15-inch Retina Mid 2015)", "Intel Core i7-4980HQ @ 2.8 GHz (4 cores)", 9064, 4392, 14656, "macbook-pro-retina-109", "MacBookPro" 
 386, "MacBook (Early 2016)", "Intel Core m3-6Y30 @ 1.1 GHz (2 cores)", 4185, 2694, 5170, "macbook-1010", "MacBook" 
 387, "MacBook (Early 2016)", "Intel Core m5-6Y54 @ 1.2 GHz (2 cores)", 2901, 3071, 5946, "macbook-1010", "MacBook" 
 388, "MacBook (Early 2016)", "Intel Core m7-6Y75 @ 1.3 GHz (2 cores)", 2465, 3341, 6625, "macbook-1010", "MacBook" 
 389, "iMac (27-inch Retina Late 2015)", "Intel Core i7-6700K @ 4.0 GHz (4 cores)", 18625, 5283, 17576, "imac-27-retina", "iMac" 
 390, "iMac (27-inch Retina Late 2015)", "Intel Core i5-6600 @ 3.3 GHz (4 cores)", 4763, 4725, 13394, "imac-27-retina", "iMac" 
 391, "iMac (27-inch Retina Late 2015)", "Intel Core i5-6500 @ 3.2 GHz (4 cores)", 9954, 4398, 12403, "imac-27-retina", "iMac" 
 392, "iMac (21.5-inch Late 2015)", "Intel Core i5-5250U @ 1.6 GHz (2 cores)", 1112, 3184, 5752, "imac-27-109", "iMac" 
 393, "iMac (21.5-inch Retina Late 2015)", "Intel Core i5-5675R @ 3.1 GHz (4 cores)", 2335, 4295, 12821, "apple", "iMac" 
 394, "iMac (21.5-inch Late 2015)", "Intel Core i5-5575R @ 2.8 GHz (4 cores)", 1656, 4074, 12071, "apple", "iMac" 
 395, "iMac (21.5-inch Retina Late 2015)", "Intel Core i7-5775R @ 3.3 GHz (4 cores)", 617, 4453, 15037, "apple", "iMac" 
 396, "MacBook Pro (13-inch Late 2016)", "Intel Core i5-6360U @ 2.0 GHz (2 cores)", 11994, 3660, 7214, "macbook-pro-13-fn-late-2016", "MacBookPro" 
 397, "MacBook Pro (13-inch Late 2016)", "Intel Core i7-6660U @ 2.4 GHz (2 cores)", 1448, 3919, 7819, "macbook-pro-13-fn-late-2016", "MacBookPro" 
 398, "MacBook Pro (15-inch Retina Mid 2015)", "Intel Core i7-4980HQ @ 2.8 GHz (4 cores)", 10061, 4382, 14580, "macbook-pro-retina-109", "MacBookPro" 
 399, "MacBook Pro (15-inch Retina Mid 2015)", "Intel Core i7-4870HQ @ 2.5 GHz (4 cores)", 17348, 4100, 13943, "macbook-pro-retina-109", "MacBookPro" 
 400, "MacBook Pro (15-inch Late 2016)", "Intel Core i7-6700HQ @ 2.6 GHz (4 cores)", 14110, 4016, 13131, "macbook-pro-15-tb-late-2016", "MacBookPro" 
 401, "MacBook Pro (15-inch Late 2016)", "Intel Core i7-6820HQ @ 2.7 GHz (4 cores)", 14451, 4157, 13876, "macbook-pro-15-tb-late-2016", "MacBookPro" 
 402, "MacBook Pro (15-inch Late 2016)", "Intel Core i7-6920HQ @ 2.9 GHz (4 cores)", 11251, 4317, 14266, "macbook-pro-15-tb-late-2016", "MacBookPro" 
 403, "MacBook Pro (13-inch Late 2016)", "Intel Core i5-6267U @ 2.9 GHz (2 cores)", 16372, 3825, 7655, "macbook-pro-13-tb-late-2016", "MacBookPro" 
 404, "MacBook Pro (13-inch Late 2016)", "Intel Core i5-6287U @ 3.1 GHz (2 cores)", 1706, 3965, 7957, "macbook-pro-13-tb-late-2016", "MacBookPro" 
 405, "MacBook Pro (13-inch Late 2016)", "Intel Core i7-6567U @ 3.3 GHz (2 cores)", 6014, 4036, 8116, "macbook-pro-13-tb-late-2016", "MacBookPro" 
 406, "iMac (27-inch Retina Mid 2017)", "Intel Core i5-7600 @ 3.5 GHz (4 cores)", 2454, 5093, 14856, "imac-27-mid-2017", "iMac" 
 407, "iMac (27-inch Retina Mid 2017)", "Intel Core i7-7700K @ 4.2 GHz (4 cores)", 19324, 5683, 19367, "imac-27-mid-2017", "iMac" 
 408, "iMac (27-inch Retina Mid 2017)", "Intel Core i5-7500 @ 3.4 GHz (4 cores)", 6711, 4766, 13862, "imac-27-mid-2017", "iMac" 
 409, "iMac (27-inch Retina Mid 2017)", "Intel Core i5-7600K @ 3.8 GHz (4 cores)", 6125, 5220, 15255, "imac-27-mid-2017", "iMac" 
 410, "iMac (21.5-inch Mid 2017)", "Intel Core i5-7360U @ 2.3 GHz (2 cores)", 833, 4430, 9049, "imac-215-mid-2017", "iMac" 
 411, "iMac (21.5-inch Retina Mid 2017)", "Intel Core i5-7500 @ 3.4 GHz (4 cores)", 2753, 4751, 13757, "imac-215-retina-mid-2017", "iMac" 
 412, "MacBook (Mid 2017)", "Intel Core m3-7Y32 @ 1.2 GHz (2 cores)", 2986, 3527, 6644, "macbook-mid-2017", "MacBook" 
 414, "MacBook Pro (13-inch Mid 2017)", "Intel Core i5-7360U @ 2.3 GHz (2 cores)", 23683, 4331, 9077, "macbook-pro-13-fn-late-2016", "MacBookPro" 
 415, "MacBook Pro (13-inch Mid 2017)", "Intel Core i5-7267U @ 3.1 GHz (2 cores)", 14634, 4217, 8833, "macbook-pro-13-tb-late-2016", "MacBookPro" 
 416, "MacBook Pro (13-inch Mid 2017)", "Intel Core i7-7567U @ 3.5 GHz (2 cores)", 4829, 4625, 9545, "macbook-pro-13-tb-late-2016", "MacBookPro" 
 417, "MacBook Pro (15-inch Mid 2017)", "Intel Core i7-7700HQ @ 2.8 GHz (4 cores)", 11871, 4354, 14398, "macbook-pro-15-tb-late-2016", "MacBookPro" 
 418, "MacBook Pro (15-inch Mid 2017)", "Intel Core i7-7820HQ @ 2.9 GHz (4 cores)", 15567, 4490, 15265, "macbook-pro-15-tb-late-2016", "MacBookPro" 
 419, "MacBook Pro (15-inch Mid 2017)", "Intel Core i7-7920HQ @ 3.1 GHz (4 cores)", 8451, 4637, 15537, "macbook-pro-15-tb-late-2016", "MacBookPro" 
 420, "iMac (21.5-inch Retina Mid 2017)", "Intel Core i5-7400 @ 3.0 GHz (4 cores)", 2687, 4449, 12813, "imac-215-retina-mid-2017", "iMac" 
 421, "iMac (21.5-inch Retina Mid 2017)", "Intel Core i7-7700 @ 3.6 GHz (4 cores)", 1300, 5254, 17851, "imac-215-retina-mid-2017", "iMac" 
 422, "MacBook (Mid 2017)", "Intel Core i7-7Y75 @ 1.4 GHz (2 cores)", 2790, 3932, 7557, "macbook-mid-2017", "MacBook" 
 423, "MacBook (Mid 2017)", "Intel Core i5-7Y54 @ 1.3 GHz (2 cores)", 2195, 3643, 6973, "macbook-mid-2017", "MacBook" 
 424, "MacBook Air (Mid 2017)", "Intel Core i5-5350U @ 1.8 GHz (2 cores)", 8452, 3345, 6114, "macbook-air-1010", "MacBookAir" 
 425, "iMac Pro (Late 2017)", "Intel Xeon W-2150B @ 3.0 GHz (10 cores)", 1983, 5320, 35874, "imac-pro", "iMacPro" 
 426, "iMac Pro (Late 2017)", "Intel Xeon W-2140B @ 3.2 GHz (8 cores)", 4568, 5058, 31105, "imac-pro", "iMacPro" 
 427, "iMac Pro (Late 2017)", "Intel Xeon W-2170B @ 2.5 GHz (14 cores)", 152, 5180, 41218, "imac-pro", "iMacPro" 
 428, "iMac Pro (Late 2017)", "Intel Xeon W-2191B @ 2.3 GHz (18 cores)", 572, 5179, 47702, "imac-pro", "iMacPro" 
 429, "MacBook Pro (15-inch Mid 2018)", "Intel Core i7-8750H @ 2.2 GHz (6 cores)", 9490, 4926, 21235, "macbook-pro-15-mid-2018", "MacBookPro" 
 430, "MacBook Pro (15-inch Mid 2018)", "Intel Core i7-8850H @ 2.6 GHz (6 cores)", 11684, 5053, 21449, "macbook-pro-15-mid-2018", "MacBookPro" 
 431, "MacBook Pro (15-inch Mid 2018)", "Intel Core i9-8950HK @ 2.9 GHz (6 cores)", 9718, 5348, 22621, "macbook-pro-15-mid-2018", "MacBookPro" 
 432, "MacBook Pro (13-inch Mid 2018)", "Intel Core i5-8259U @ 2.3 GHz (4 cores)", 13211, 4523, 16606, "macbook-pro-13-mid-2018", "MacBookPro" 
 433, "MacBook Pro (13-inch Mid 2018)", "Intel Core i7-8559U @ 2.7 GHz (4 cores)", 5989, 5137, 17740, "macbook-pro-13-mid-2018", "MacBookPro" 
 434, "Mac mini (Late 2018)", "Intel Core i7-8700B @ 3.2 GHz (6 cores)", 6360, 5659, 24285, "mac-mini-late-2018", "Macmini" 
 435, "Mac mini (Late 2018)", "Intel Core i3-8100B @ 3.6 GHz (4 cores)", 708, 4685, 13983, "mac-mini-late-2018", "Macmini" 
 436, "Mac mini (Late 2018)", "Intel Core i5-8500B @ 3.0 GHz (6 cores)", 2517, 5154, 20285, "mac-mini-late-2018", "Macmini" 
 437, "MacBook Air (Late 2018)", "Intel Core i5-8210Y @ 1.6 GHz (2 cores)", 3576, 4008, 7412, "macbook-air-late-2018", "MacBookAir" } ]}